qid,question_text
0,What is Henry Feilden's occupation?
1,What is Herlyn Espinal's occupation?
2,What is Edward Corser's occupation?
3,What is John Finlay's occupation?
4,What is Bruce McDaniel's occupation?
5,What is Edwin Wallock's occupation?
6,What is Matthew McKay's occupation?
7,What is Dominick Bellizzi's occupation?
8,What is Ole Krarup's occupation?
9,What is Antonio Álvarez Alonso's occupation?
10,What is Boutheina Jabnoun's occupation?
11,What is Derek Wheatley's occupation?
12,What is Herman A. Barnett's occupation?
13,What is Modou Dia's occupation?
14,What is Jon Eikemo's occupation?
15,What is Marco Ameglio's occupation?
16,What is Valgerður Bjarnadóttir's occupation?
17,What is Russell Stokes's occupation?
18,What is Jim Brown's occupation?
19,What is Edwin E. Ellis's occupation?
20,What is Muhammad Ali Luqman's occupation?
21,What is Ivo Perilli's occupation?
22,What is Rinaldo del Mel's occupation?
23,What is Annie Beustes's occupation?
24,What is Kazuyoshi Sekine's occupation?
25,What is Domingo Eyzaguirre's occupation?
26,What is Charles Harrison's occupation?
27,What is Richard Harris's occupation?
28,What is Peter Murnoy's occupation?
29,What is James M. Geraghty's occupation?
30,What is Michael Hutchings's occupation?
31,What is James Alex Msekela's occupation?
32,What is Masayoshi Nataniya's occupation?
33,What is Ernst Timme's occupation?
34,What is Ludwig Lichtschein's occupation?
35,What is Władysław Sławny's occupation?
36,What is Walter Köbel's occupation?
37,What is John Barnes's occupation?
38,What is Adil Shamoo's occupation?
39,What is Patrick Mulvany's occupation?
40,What is Arcangelo Ghisleri's occupation?
41,What is Giora Godik's occupation?
42,What is Thomas Challis's occupation?
43,What is Christopher Butson's occupation?
44,What is Rich Brightman's occupation?
45,What is Franz Seitz Sr.'s occupation?
46,What is Frederick Dundas's occupation?
47,What is Olav T. Laake's occupation?
48,What is Eliza Lawrence's occupation?
49,What is Charles Combe's occupation?
50,What is John D. Maurice's occupation?
51,What is Raymond S. Burton's occupation?
52,What is Ernst Theodor Echtermeyer's occupation?
53,What is Debra Weeks's occupation?
54,What is Bedřich Feigl's occupation?
55,What is Edward Gunasekara's occupation?
56,What is David M. Westcott's occupation?
57,What is J. Da Silva's occupation?
58,What is Carsten Carlsen's occupation?
59,What is Fritz Goos's occupation?
60,What is Alexander Gadolin's occupation?
61,What is Levi P. Powers's occupation?
62,What is John Strange's occupation?
63,What is Walter de la Pole's occupation?
64,What is Kyaw Swe's occupation?
65,What is Paul Caillaud's occupation?
66,What is Bridie O'Flaherty's occupation?
67,What is Ivan Kulichenko's occupation?
68,What is Giuseppe Demachi's occupation?
69,What is E. David Redwine's occupation?
70,What is Kyriakos Mavronikolas's occupation?
71,"What is John Blake, Jr.'s occupation?"
72,What is Mami Matsui's occupation?
73,What is Marie-France Mignal's occupation?
74,What is Andreas Rüdiger's occupation?
75,What is Robert Lewis's occupation?
76,What is Guillem Ramon de Gironella's occupation?
77,What is Alan Mauritz Swanson's occupation?
78,What is Harvey William Burk's occupation?
79,What is Jörg A. Eggers's occupation?
80,What is Petru Vlah's occupation?
81,What is Pierre Abraham's occupation?
82,What is Elvin Penner's occupation?
83,What is Rodrigo Arocena's occupation?
84,What is Fidel Antuña Batista's occupation?
85,What is Thomas Gifford's occupation?
86,What is Pietro Marcenaro's occupation?
87,What is William Australia Graham's occupation?
88,What is Richard Myers's occupation?
89,What is Frits Castricum's occupation?
90,What is Per Risvik's occupation?
91,What is Alan Bjerga's occupation?
92,What is Rose Beaudet's occupation?
93,What is Jean Gabriel Marie's occupation?
94,What is George Birnie Esslemont's occupation?
95,What is Shorty Hamilton's occupation?
96,What is Nandor Balazs's occupation?
97,What is Maurice Le Boucher's occupation?
98,What is T. P. Poonatchi's occupation?
99,What is René Bégin's occupation?
100,What is Robert Jonckheere's occupation?
101,What is Arafan Camara's occupation?
102,What is George Lewis's occupation?
103,What is Louis O'Dea's occupation?
104,What is Derek Ingram Hill's occupation?
105,What is Sebaki Devi Das Tatma's occupation?
106,What is Howard Fowles's occupation?
107,What is Julia de Asensi's occupation?
108,What is Đurđa Ivezić's occupation?
109,What is Thomas Widdrington's occupation?
110,What is Jean-Marie-Victor Viel's occupation?
111,What is Virginia Haviland's occupation?
112,What is Frances Josephy's occupation?
113,What is John Williams Tobey's occupation?
114,What is Jorge Traverso's occupation?
115,What is Paolo Pellizzari's occupation?
116,What is Petr Mlsna's occupation?
117,What is Lorena Corona Valdés's occupation?
118,"What is Sir Thomas Clarges, 3rd Baronet's occupation?"
119,What is Donald Robert Macgregor's occupation?
120,What is Clement Baker's occupation?
121,In what city was Belarmino Mario Chipongue born?
122,In what city was Charles Hammock born?
123,In what city was Izhar Elias born?
124,In what city was Roger McCardell born?
125,In what city was Antonio Calcagni born?
126,In what city was Philipp Crone born?
127,In what city was I.P. Paul born?
128,In what city was Endre Bálint born?
129,In what city was Aleksandr Nekrasov born?
130,In what city was Andrian Mardiansyah born?
131,In what city was Bert Myers born?
132,In what city was Scott Fraser born?
133,In what city was Giuseppe Castelli born?
134,In what city was Harold Reetz born?
135,In what city was Fernand Cornez born?
136,In what city was Volodymyr O. Kravets born?
137,In what city was Yinka Ayenuwa born?
138,In what city was Phil Williams born?
139,In what city was James M. Bingham born?
140,In what city was Gustavo Grondona born?
141,In what city was Ricardo Maliandi born?
142,In what city was Annika Billstam born?
143,In what city was Eric Defoort born?
144,In what city was Reinaldo Dalcin born?
145,In what city was Bob Cremins born?
146,In what city was Greg Windsperger born?
147,In what city was Matt Moralee born?
148,In what city was Lloyd Ultan born?
149,In what city was Ivan Khomukha born?
150,In what city was Bob Warlick born?
151,In what city was Clarence Beck born?
152,In what city was Aloïs Boudry born?
153,In what city was Tony Shields born?
154,In what city was Amoene van Haersolte born?
155,In what city was Jim Baker born?
156,In what city was Pete Stewart born?
157,In what city was Piotr Balcerzak born?
158,In what city was Mariano Chao born?
159,In what city was John Edgerton born?
160,In what city was Jim born?
161,In what city was James Brown born?
162,In what city was Andrea di Alessandro born?
163,In what city was Gregorio Selser born?
164,In what city was Anne Brusletto born?
165,In what city was Arthur Thomson born?
166,In what city was Miloš Žeravica born?
167,In what city was Giovanni Speranza born?
168,In what city was Anton Lui born?
169,In what city was Paul Walker born?
170,In what city was Kristian Outinen born?
171,In what city was Matthijs Dulken born?
172,In what city was Sebastian Hofmann born?
173,In what city was Emil Marschalk von Ostheim born?
174,In what city was Esau Tjiuoro born?
175,In what city was Gerard Thomas born?
176,In what city was Ricardo Sánchez born?
177,In what city was Bruno Nöckler born?
178,In what city was Gloria Porras Valles born?
179,In what city was Klaus-Degenhard Schmidt born?
180,In what city was Robert B. Scarborough born?
181,In what city was Dilson Torres born?
182,In what city was Ray Strauss born?
183,In what city was Robert Zawada born?
184,In what city was John A. Shaud born?
185,In what city was Gianni Lonzi born?
186,In what city was Maksim Andreyevich Fyodorov born?
187,In what city was Scott McCuaig born?
188,In what city was Louis-Arsène Lavallée born?
189,In what city was Clemente Isnard born?
190,In what city was Dale Polley born?
191,In what city was Robert Crannell Minor born?
192,In what city was Izumi Iimura born?
193,In what city was Aleksandar Madžar born?
194,In what city was Roland Wieser born?
195,In what city was Doc Parker born?
196,In what city was Giovanni Stefano Marucelli born?
197,In what city was Matt Hamilton born?
198,In what city was William Perry Hay born?
199,In what city was John Robinson born?
200,In what city was Anders Orvin born?
201,In what city was Florence Marie Harsant born?
202,In what city was Diana Estrada born?
203,In what city was Terry Hunte born?
204,In what city was Steve McDonald born?
205,In what city was Izaskun Zubizarreta Gerendiain born?
206,In what city was Grant Bramwell born?
207,In what city was Valentin Avrorin born?
208,In what city was Aleksandar Markovski born?
209,In what city was Tsugumi Higasayama born?
210,In what city was Hansi Niese born?
211,In what city was Raimonds Vilde born?
212,In what city was Nay Myo Thant born?
213,In what city was Aarno Maliniemi born?
214,In what city was Charles Plumer born?
215,In what city was Moon Joo-won born?
216,In what city was Leobardo Soto born?
217,In what city was Masaru Inada born?
218,In what city was Pierre Petit born?
219,In what city was Billy Carlson born?
220,In what city was Abraham Raimbach born?
221,In what city was H. Hugh Bancroft born?
222,In what city was Nina Dittrich born?
223,In what city was Gary Freear born?
224,In what city was Paweł Blehm born?
225,In what city was Keri Lees born?
226,In what city was Christos Mitsis born?
227,In what city was Robin Williams born?
228,In what city was John Keating born?
229,In what city was Jurgis Karnavičius born?
230,In what city was Xue Fei born?
231,In what city was Din Joe Crowley born?
232,In what city was Joachim Zachris Duncker born?
233,In what city was Paul Braniff born?
234,In what city was Scott Patterson born?
235,In what city was Emmanuel Biron born?
236,In what city was Yugo Yoshida born?
237,In what city was Montxu Miranda born?
238,In what city was Juha Jokela born?
239,In what city was Richard S. Bull born?
240,In what city was Maurice Reymond de Broutelles born?
241,In what city was Juan Manuel Montero Vázquez born?
242,In what city was Evan Abraham born?
243,In what city was Carlos Nieto born?
244,In what city was Andy Keeley born?
245,In what city was Fernando García born?
246,In what city was William Franklin Switzler born?
247,In what city was György Kárpáti born?
248,In what city was Szymon Kataszek born?
249,In what city was David Granger born?
250,In what city was John Mant born?
251,In what city was Andrea Magi born?
252,In what city was Shagari Mohammed born?
253,In what city was Frederick Mackenzie born?
254,In what city was Gyula Czimra born?
255,In what city was Catherine Tishem born?
256,In what city was Jiří Vyčichlo born?
257,In what city was Jesús Antonio Hernández born?
258,In what city was Gerhard Ludwig born?
259,In what city was Gaston-François de Witte born?
260,In what city was Farman Behboud born?
261,In what city was Francisco María Oreamuno Bonilla born?
262,In what city was Martin Simonson born?
263,In what city was Mimoun Ouled Radi born?
264,In what city was Anthony Gale born?
265,In what city was Shinji Hamazaki born?
266,In what city was Henry Soames born?
267,In what city was Karl Bartholomaeus Heller born?
268,In what city was Javier Suárez born?
269,In what city was Anatoly Georgievich Ufimtsev born?
270,In what city was Domenico Bologna born?
271,In what city was Alexandros Matsas born?
272,In what city was Kazuhiro Suzuki born?
273,In what city was Gösta Eriksson born?
274,In what city was Rob Lukachyk born?
275,In what city was Pierre-Yves Barré born?
276,In what city was Todd Sieben born?
277,In what city was Louis Joseph Troost born?
278,In what city was Heiko Balz born?
279,In what city was Margot Shumway born?
280,In what city was Vitaliy Sobko born?
281,In what city was Mikael Eriksson born?
282,In what city was Rodger Stevens born?
283,In what city was Liam Carroll born?
284,In what city was Wellington Santos da Silva born?
285,In what city was George Chambers born?
286,In what city was Marie-Hélène Aubert born?
287,In what city was Johann Gregor Memhardt born?
288,In what city was Franghískos Papamanólis born?
289,In what city was Stig Kleven born?
290,In what city was Li Huai Min born?
291,In what city was Florian Reichstädter born?
292,In what city was Jean-Georges Lefranc de Pompignan born?
293,In what city was Brad Goddard born?
294,What genre is Drive On?
295,What genre is Mother?
296,What genre is Me and My Friend?
297,What genre is Unknown?
298,What genre is Reach?
299,What genre is Elias Childe?
300,What genre is André Duchesne?
301,What genre is Operation Sabotage?
302,What genre is The Gap?
303,What genre is Dark Matter?
304,What genre is Chaotic?
305,What genre is Flare?
306,What genre is Brain Slaves?
307,What genre is The New World?
308,What genre is McKendree Long?
309,What genre is Drill?
310,What genre is Settle?
311,What genre is Magic Music?
312,What genre is Voyage?
313,What genre is Marty Marsala?
314,What genre is Qian Du?
315,What genre is To Mother?
316,What genre is Magic?
317,What genre is The Harrowing?
318,What genre is Yellow?
319,What genre is Hara?
320,What genre is Nightdreamers?
321,What genre is The Song of the Suburbs?
322,What genre is The Club?
323,What genre is Eddie & the Gang with No Name?
324,What genre is Koko ni Iruzee!?
325,What genre is Cut?
326,What genre is Stories?
327,What genre is Most of Me?
328,What genre is I Lost My Heart in Heidelberg?
329,What genre is VS?
330,What genre is Seven Veils?
331,What genre is Bridge?
332,What genre is Deivos?
333,What genre is Martinez?
334,What genre is Chariot Race?
335,What genre is Progression?
336,What genre is The Take?
337,What genre is Conversations?
338,What genre is Mars?
339,What genre is Dimensions?
340,What genre is Astro?
341,What genre is The Angel?
342,What genre is Tempting Danger?
343,What genre is I Will Be There?
344,What genre is Detour for Emmy?
345,What genre is Drama?
346,What genre is Lisa Shaffer?
347,What genre is Gone?
348,What genre is Compass?
349,What genre is Apollo?
350,What genre is Ruth Berman Harris?
351,What genre is The Box?
352,What genre is In Deep?
353,What genre is Fantasy?
354,What genre is Just a Matter of Time?
355,What genre is Reminiscences?
356,What genre is My Way?
357,What genre is Our Time?
358,What genre is El honorable Señor Valdez?
359,What genre is Piel?
360,What genre is Collaboration West?
361,What genre is Thin Ice?
362,What genre is The Promoter?
363,What genre is Shine?
364,What genre is Zones?
365,What genre is The Gift?
366,What genre is Gene?
367,What genre is Evil?
368,What genre is Pieter Jacobsz Duyfhuysen?
369,What genre is Serving You?
370,What genre is Neighbours?
371,What genre is In Silence?
372,What genre is A Winter of Cyclists?
373,What genre is Back to Back?
374,What genre is Strength?
375,What genre is All the Years?
376,What genre is Let It Go?
377,What genre is Drôles de zèbres?
378,What genre is The Mark Waters Story?
379,What genre is Betrayal?
380,"What genre is Tempting The Gods: The Selected Stories of Tanith Lee, Volume 1?"
381,What genre is Let It Be You?
382,What genre is Scorpio?
383,What genre is Right There?
384,What genre is El usurpador?
385,What genre is Fire?
386,What genre is The Moment?
387,What genre is Strangers?
388,What genre is Info?
389,What genre is Theatre?
390,What genre is Background?
391,What genre is Node?
392,What genre is In Deep?
393,What genre is If I Ever?
394,What genre is More Love?
395,"What genre is The Remarkable Exploits of Lancelot Biggs, Spaceman?"
396,What genre is My Husband?
397,What genre is West?
398,What genre is It Sounds Like?
399,What genre is The Other Man?
400,What genre is Wake Up?
401,What genre is The Copper?
402,What genre is A Question and Answer Guide to Astronomy?
403,What genre is Buono! 2?
404,What genre is The Blue Aura?
405,What genre is Heaven?
406,What genre is Heist?
407,Who is the father of Carl Valentin Falsen?
408,Who is the father of Blue Peter?
409,Who is the father of Hans Holtedahl?
410,Who is the father of Richard III of Capua?
411,Who is the father of Ma Xiu?
412,Who is the father of Theodelap of Spoleto?
413,Who is the father of Donor?
414,Who is the father of Skyline?
415,Who is the father of Regal Embrace?
416,Who is the father of Bert Bertrand?
417,Who is the father of Colcu mac Domnaill?
418,Who is the father of Isaac B. Desha?
419,Who is the father of George?
420,Who is the father of Levan Gruzinsky?
421,Who is the father of But Why Not?
422,Who is the father of Match II?
423,Who is the father of Matthew Henry Richey?
424,Who is the father of Wang Yuankui?
425,Who is the father of George?
426,Who is the father of Now What?
427,Who is the father of Giacomo Guardi?
428,"Who is the father of Sir Capel Molyneux, 3rd Baronet?"
429,Who is the father of Leif Claesson?
430,Who is the father of Georg Adolf Erman?
431,Who is the father of Louis?
432,Who is the father of John Donkin?
433,Who is the father of Searching?
434,"In what country is Union State Bank, Wisconsin?"
435,In what country is Tina?
436,In what country is Dasht Jeyhun?
437,In what country is Sar Giz?
438,In what country is Pir Hayati?
439,In what country is Dell?
440,In what country is Bandrakottai?
441,In what country is Fairview Outdoor School?
442,In what country is Kılıçlı Kavlaklı?
443,In what country is Ago?
444,In what country is Égligny?
445,In what country is Bitchū-Kawamo Station?
446,In what country is Borysławice?
447,In what country is Mato Castelhano?
448,In what country is Tartaczek?
449,In what country is Jelow Girangeh?
450,In what country is Ahmadabad-e Razavi?
451,In what country is Freedom?
452,In what country is Ciepień?
453,In what country is Blenheim?
454,In what country is Mary?
455,In what country is Gmina Lubsza?
456,In what country is Tsutsui Station?
457,In what country is Edmundston?
458,In what country is Rahzan?
459,In what country is Kozići?
460,In what country is Valdearcos de la Vega?
461,In what country is Ciucurul Orbului River?
462,In what country is Gaustadalléen?
463,In what country is Poręba-Kocęby?
464,In what country is Dubicze Osoczne?
465,In what country is Joys?
466,"In what country is Laxmipur, Mahakali?"
467,In what country is Wiesau?
468,In what country is Lewałd Wielki?
469,In what country is Kamioka Station?
470,In what country is Quebec Route 213?
471,In what country is Al-Fajr Arabsalim?
472,"In what country is Dąbkowice, Łódź Voivodeship?"
473,"In what country is Borzymy, Kolno County?"
474,In what country is Fontenay?
475,In what country is Valea Seacă River?
476,In what country is Punghina?
477,"In what country is Ormak, Isfahan?"
478,In what country is Vera?
479,In what country is Kuczynka?
480,In what country is West Wyomissing?
481,In what country is Tigra?
482,In what country is Jauldes?
483,In what country is Nowa Wieś Reszelska?
484,In what country is Colonia Nueva Coneta?
485,In what country is Aminabad?
486,In what country is Tholuvankadu?
487,In what country is Anaikudam?
488,In what country is Society of Early Americanists?
489,In what country is Denmark Hill Insect Bed?
490,In what country is Mavjinjava?
491,In what country is Arthur?
492,In what country is Pârâul Bogat?
493,In what country is Têbo?
494,In what country is Sholoktu?
495,"In what country is Goldasht, Sistan and Baluchestan?"
496,In what country is Eslamabad-e Mashayekh?
497,In what country is Kalu?
498,In what country is Pierce?
499,In what country is Chalhuacocha?
500,In what country is Footes?
501,In what country is Oscar?
502,In what country is Cora?
503,In what country is Madan Kundari?
504,In what country is Oborín?
505,In what country is Ježov?
506,In what country is Drăgăneasa River?
507,In what country is Batsère?
508,In what country is WZRU?
509,In what country is Idlorpait?
510,"In what country is Barice, Donji Vakuf?"
511,In what country is Habit?
512,In what country is Sabiote?
513,In what country is Kalateh-ye Safdarabad?
514,In what country is Cham Karim?
515,In what country is Tad?
516,In what country is Fântâneaua Rece River?
517,In what country is Panaitoliko?
518,In what country is Villalcampo?
519,In what country is Scheidt?
520,In what country is Toronto Northwest?
521,In what country is Gornji Davidovići?
522,In what country is Hobbledehoy Record Co.?
523,In what country is SWEAT?
524,In what country is Dəhnəxəlil?
525,In what country is Khvajeh Soheyl?
526,In what country is Zec Petawaga?
527,In what country is Tapay District?
528,In what country is Cổ Linh?
529,In what country is Mahaboboka?
530,In what country is Cześniki-Kolonia Górna?
531,In what country is Awe?
532,In what country is Mrákotín?
533,In what country is Pichlice?
534,In what country is pero?
535,In what country is Khafr County?
536,In what country is İnstitut?
537,In what country is Karimu?
538,In what country is Graitschen bei Bürgel?
539,In what country is Durrenentzen?
540,In what country is Chal Siah Manchatun Jowkar?
541,In what country is United States Post Office and Courthouse–Billings?
542,In what country is Eshkevar-e Sofla Rural District?
543,In what country is Rizuiyeh?
544,In what country is Veliko Korenovo?
545,In what country is Gimenells i el Pla de la Font?
546,In what country is La Roche-Clermault?
547,"In what country is Biały Kościół, Lower Silesian Voivodeship?"
548,In what country is Content?
549,In what country is Zhukiv?
550,In what country is Saint-Vincent-de-Salers?
551,In what country is Weed?
552,In what country is Alder?
553,In what country is Brizambourg?
554,In what country is Călmuș River?
555,In what country is Eschbronn?
556,"In what country is Kondh, Surendranagar?"
557,In what country is Rogers?
558,In what country is Cos?
559,In what country is Seishi Ursula Gakuen Junior College?
560,In what country is Selkirk Generating Station?
561,In what country is Devalan?
562,In what country is Dârmocsa River?
563,In what country is Gori Balmak?
564,In what country is Wiang Kao?
565,In what country is Francis?
566,"In what country is Łazy, Sierpc County?"
567,In what country is Khishig-Öndör?
568,In what country is Gaffarlı?
569,"In what country is Crow Harbour, New Brunswick?"
570,"In what country is Łodygowo, Pisz County?"
571,In what country is Rafael Erich's cabinet?
572,In what country is canton of Baugy?
573,In what country is Anjoma?
574,In what country is Ittamalliyagoda?
575,"In what country is Abra, Ivory Coast?"
576,In what country is Okunakayama-Kōgen Station?
577,In what country is DeWitt Township?
578,In what country is Centre?
579,In what country is Asahi Station?
580,In what country is Stare Brzóski?
581,In what country is Bud?
582,In what country is Tangal-e Behdan?
583,In what country is Seed 97.5 FM?
584,In what country is Perth?
585,In what country is Ara?
586,"In what country is Wir, Masovian Voivodeship?"
587,In what country is Avarzaman?
588,In what country is Anaran Rural District?
589,In what country is Barre Denis?
590,In what country is Otto-Selz-Institute of Applied Psychology?
591,In what country is Jodłówka gas field?
592,In what country is Tupper-Barnett House?
593,In what country is Izvorul Morarului River?
594,In what country is Mehran Kushk?
595,In what country is Astrodomi Observatory?
596,In what country is Muratdere?
597,In what country is Miętkie-Kolonia?
598,In what country is Szczecin Scientific Society?
599,In what country is Märstetten?
600,In what country is Riethnordhausen?
601,In what country is Tervola Radio and TV-Mast?
602,In what country is Abdul Mannan Bhuiyan Stadium?
603,In what country is Alu?
604,In what country is Chotýčany?
605,In what country is Asseek River?
606,"In what country is Gąsiorowo, Legionowo County?"
607,In what country is Jeqjeq-e Pain?
608,In what country is Dragomirna River?
609,In what country is Mohammadabad-e Razzaqzadeh?
610,In what country is Grant?
611,In what country is Rubim do Norte River?
612,In what country is Institute of Chemistry of Ireland?
613,In what country is Lima?
614,In what country is KMEI-LP?
615,In what country is Záblatí?
616,In what country is Ba Thín River?
617,In what country is El Carmen Rivero Tórrez?
618,In what country is Kawahigashi Station?
619,In what country is Los Santos mine?
620,In what country is Whited Township?
621,In what country is Asalem Rural District?
622,In what country is Contest?
623,In what country is Genoa?
624,In what country is Normania Township?
625,In what country is Chicche District?
626,In what country is canton of Marseille-La Pomme?
627,In what country is Devanur?
628,In what country is Tegher?
629,In what country is Kodki?
630,In what country is Javar Tan?
631,In what country is New England?
632,"In what country is Kowale, Lower Silesian Voivodeship?"
633,In what country is Obeakpu?
634,In what country is La Couarde-sur-Mer?
635,In what country is Riechheimer Berg?
636,In what country is Alexeni River?
637,In what country is Villers-sous-Foucarmont?
638,In what country is North Lake?
639,In what country is 112th United States Colored Infantry?
640,In what country is Storsteinnes Chapel?
641,In what country is Ch'uch'u Apachita?
642,In what country is Bārta?
643,In what country is Urge?
644,In what country is Domašov?
645,In what country is Vaiea?
646,In what country is Monitor House?
647,In what country is Sagoni?
648,In what country is Eeuwfeestkliniek?
649,"In what country is Łupiny, Masovian Voivodeship?"
650,In what country is Xaga?
651,"In what country is Babino, Haiti?"
652,In what country is Hatnagoda?
653,In what country is Deodara?
654,In what country is Puzdrowizna?
655,In what country is Harisan?
656,In what country is Ločenice?
657,In what country is Aki?
658,In what country is Taia River?
659,In what country is Sjösa?
660,In what country is Morales de Campos?
661,In what country is Dobra River?
662,In what country is Karahasanlı?
663,In what country is Ackerman-Dewsnap House?
664,"In what country is Wilcza Jama, Sokółka County?"
665,In what country is Givron?
666,In what country is Humane Heritage Museum?
667,In what country is Arlington?
668,In what country is Adams?
669,In what country is Pira?
670,In what country is Tōhoku History Museum?
671,In what country is Neal?
672,In what country is Korean Magazine Museum?
673,In what country is Francheville Aerodrome?
674,In what country is Kijevac?
675,"In what country is Iron River (CDP), Wisconsin?"
676,In what country is Lätäseno?
677,In what country is Mount Shinten?
678,In what country is Dual Plover?
679,In what country is Saint-Antonin?
680,In what country is Peterson?
681,In what country is Joy?
682,In what country is Valea Pleșii River?
683,In what country is Sutlepa?
684,In what country is Movraž?
685,"In what country is Sarnowo, Chełmno County?"
686,In what country is Saint-Pierrevillers?
687,In what country is Archipelago Museum?
688,In what country is Revigliasco d'Asti?
689,In what country is Willow River?
690,In what country is Uñón District?
691,In what country is Ban On?
692,In what country is Kanaküla?
693,In what country is Breitenfelde?
694,In what country is Konjsko Brdo?
695,In what country is New York State Route 157?
696,In what country is Le Moustoir?
697,In what country is Mackay Courthouse?
698,In what country is Landresse?
699,In what country is Robinson?
700,In what country is Lambertz Open by STAWAG?
701,In what country is Goreme?
702,In what country is Gawarzec Dolny?
703,"In what country is Studzianka, Podlaskie Voivodeship?"
704,In what country is Gare de Rosporden?
705,In what country is Earl?
706,In what country is Donji Matejevac?
707,In what country is Rozsochatec?
708,"Who was the producer of Benjamin Franklin, Jr.?"
709,Who was the producer of O skliros andras?
710,Who was the producer of The Hunt?
711,Who was the producer of The Accused?
712,Who was the producer of Just Like Us?
713,Who was the producer of Today?
714,Who was the producer of The Pioneers?
715,Who was the producer of The Deal?
716,Who was the producer of On Tour?
717,Who was the producer of The Baby on the Barge?
718,Who was the producer of The Trap?
719,Who was the producer of The Hayseeds' Back-blocks Show?
720,Who was the producer of Ghost?
721,Who was the producer of From Now On?
722,Who was the producer of John Heriot's Wife?
723,Who was the producer of Italian Style?
724,Who was the producer of Strand?
725,Who was the producer of The Thing We Love?
726,Who was the producer of One of Those?
727,Who was the producer of The Lie?
728,Who was the producer of Early Man?
729,Who was the producer of The Garden of Weeds?
730,Who was the producer of Maling Kutang?
731,Who was the producer of Party?
732,Who was the producer of Saturday Morning?
733,Who was the producer of Mother and Child?
734,Who was the producer of Revelations?
735,Who was the producer of Home?
736,Who was the producer of The Test?
737,Who was the producer of Me First?
738,Who was the producer of Shine?
739,Who was the producer of Trains of Winnipeg?
740,Who was the producer of In the Family?
741,Who was the producer of The Easiest Way?
742,Who was the producer of Hired!?
743,Who was the producer of Shine?
744,Who was the producer of De Laatste Dagen van een Eiland?
745,Who was the director of City of Beautiful Nonsense?
746,Who was the director of The Sisters?
747,Who was the director of Those Who Love?
748,Who was the director of Chi?
749,Who was the director of The Happy Family?
750,Who was the director of The Only Woman?
751,Who was the director of The Gamble?
752,Who was the director of Senior Year?
753,Who was the director of Victory?
754,Who was the director of Me First?
755,Who was the director of Pilot?
756,Who was the director of La renzoni?
757,Who was the director of Messiah?
758,Who was the director of Homecoming?
759,"Who was the director of Thank You, Madame?"
760,Who was the director of All the Way Up?
761,Who was the director of Zonnetje?
762,Who was the director of College?
763,Who was the director of Practical Jokers?
764,Who was the director of The Tree?
765,Who was the director of Driven?
766,Who was the director of Son contento?
767,Who was the director of Taxi at Midnight?
768,Who was the director of Freedom?
769,Who was the director of Balance?
770,Who was the director of Faith?
771,Who was the director of On the Run?
772,Who was the director of Variety?
773,Who was the director of The Night Riders?
774,Who was the director of You and I?
775,Who was the director of La cruz?
776,Who was the director of The Love Nest?
777,Who was the director of The Resolve?
778,Who was the director of Out?
779,Who was the director of While There is Still Time?
780,Who was the director of Den store gavtyv?
781,Who was the director of The Physician?
782,Who was the director of El Último perro?
783,Who was the director of The Easiest Way?
784,Who was the director of The Betrayed?
785,Who was the director of Sacrifice?
786,Who was the director of Women Who Work?
787,Who was the director of Trail?
788,Who was the director of Det var paa Rundetaarn?
789,Who was the director of The Barrier?
790,Who was the director of Genius?
791,Who was the director of Men and Women?
792,Who was the director of Sold?
793,Who was the director of The Saint?
794,Who was the director of The Pioneers?
795,Who was the director of Broadway Jones?
796,Who was the director of The Last Word?
797,Who was the director of Escape?
798,Who was the director of These Children?
799,Who was the director of Emergency Landing?
800,Who was the director of Pilot?
801,Who was the director of La Rival?
802,Who was the director of Echo?
803,Who was the director of The Trap?
804,Who was the director of Cocktail?
805,Who was the director of Mother and Child?
806,Who was the director of The Pigskin Palooka?
807,Who was the director of Public Opinion?
808,Who was the director of College?
809,Who was the director of Day by Day?
810,Who was the director of The Day?
811,Who was the director of Le Guérisseur?
812,Who was the director of The Photo?
813,Who was the director of Bingo?
814,Who was the director of Big Dreams Little Tokyo?
815,Who was the director of A Rowboat Romance?
816,Who was the director of Young People?
817,Who was the director of The Kiss?
818,Who was the director of Indizienbeweis?
819,Who was the director of Accident?
820,Who was the director of Fingers?
821,Who was the director of The Girl in Mourning?
822,Who was the director of September?
823,Who was the director of The Return?
824,Who was the director of Vanity?
825,Who was the director of Ghost?
826,Who was the director of One of Those?
827,Who was the director of The Key?
828,Who was the director of The Wolf?
829,Who was the director of Mates?
830,Who was the director of The Valley?
831,Who was the director of Per amare Ofelia?
832,Who was the director of The Loudwater Mystery?
833,Who was the director of Pilot?
834,Who was the director of Hakeem's New Flame?
835,Who was the director of Just Like Us?
836,Who was the director of A Helpful Sisterhood?
837,Who was the director of Panic?
838,Who was the director of Victory?
839,Who was the director of Not So Long Ago?
840,What is Kluczewsko the capital of?
841,What is Jesús the capital of?
842,What is Bolsheustyikinskoye the capital of?
843,What is Dmitriyev the capital of?
844,What is Idi Rayeuk the capital of?
845,Who was the screenwriter for Death of a Batman?
846,Who was the screenwriter for Fear No More?
847,Who was the screenwriter for The Fake?
848,Who was the screenwriter for Boquitas pintadas?
849,Who was the screenwriter for Pilot?
850,Who was the screenwriter for Goodbye?
851,Who was the screenwriter for Party?
852,Who was the screenwriter for Grace?
853,Who was the screenwriter for Ghost?
854,Who was the screenwriter for By og land hand i hand?
855,Who was the screenwriter for The Accused?
856,Who was the screenwriter for Exit the Vamp?
857,Who was the screenwriter for Mary's Ankle?
858,Who was the screenwriter for Democracy?
859,Who was the screenwriter for Revelations?
860,Who was the screenwriter for Ending It?
861,Who was the screenwriter for Hoppa högst?
862,Who was the screenwriter for Guilty?
863,Who was the screenwriter for Salvation?
864,Who was the screenwriter for The Last Word?
865,Who was the screenwriter for Rang-ha?
866,Who was the screenwriter for White Gold?
867,Who was the screenwriter for The Bride’s Journey?
868,Who was the screenwriter for Pilot?
869,Who was the screenwriter for These Children?
870,Who was the screenwriter for Prototype?
871,Who was the screenwriter for Ma Hogan's New Boarder?
872,Who was the screenwriter for Le Fils d'Amr est mort?
873,Who was the screenwriter for Tine?
874,Who was the screenwriter for The Worst Years of Our Lives?
875,Who was the screenwriter for The City?
876,Who was the screenwriter for Jackson: My Life... Your Fault?
877,Who was the screenwriter for Three Loves in Rio?
878,Who was the screenwriter for Guilty?
879,Who was the screenwriter for The Return?
880,Who was the screenwriter for Oregon?
881,Who was the screenwriter for Bingo?
882,Who was the screenwriter for Impossible?
883,Who was the screenwriter for The Accused?
884,Who was the screenwriter for Daybreak?
885,"Who was the screenwriter for Féminin, masculin?"
886,Who was the screenwriter for Tom Jones?
887,Who was the composer of One?
888,Who was the composer of Hello?
889,Who was the composer of Ghost?
890,Who was the composer of Solo?
891,Who was the composer of To Live?
892,Who was the composer of Tailor Wibbel?
893,Who was the composer of To The West?
894,Who was the composer of The Witch?
895,Who was the composer of Images?
896,Who was the composer of Kallai Mattum?
897,Who was the composer of I'm in Love?
898,"Who was the composer of Prelude in F major, Op. 49, No. 2?"
899,Who was the composer of Piano Concerto?
900,"Who was the composer of Reißt euch los, bedrängte Sinnen, BWV 224?"
901,Who was the composer of Homecoming?
902,"Who was the composer of The Greater Good, or the Passion of Boule de Suif?"
903,Who was the composer of Gisela!?
904,Who was the composer of The Giants?
905,Who was the composer of To the Sky?
906,Who was the composer of Say When?
907,Who was the composer of Alone?
908,Who was the composer of Famous?
909,Who was the composer of Signal?
910,Who was the composer of Miss You?
911,Who was the composer of Living with You?
912,Who was the composer of Pocket?
913,Who was the composer of Images?
914,Who was the composer of The Hope?
915,Who was the composer of Time Machine?
916,Who was the composer of Porch?
917,Who was the composer of Shine?
918,Who was the composer of Nozze istriane?
919,Who was the composer of Overture in G major?
920,Who was the composer of Tea for One?
921,Who was the composer of Chasing?
922,Who was the composer of String Quartet No. 3?
923,Who was the composer of That's Right?
924,Who was the composer of Symphony No. 33?
925,Who was the composer of Symphony No. 8?
926,Who was the composer of Discipline?
927,Who was the composer of Cue Ball Cat?
928,Who was the composer of One More Time?
929,Who was the composer of Big Foot?
930,Who was the composer of Sometime?
931,Who was the composer of Prelude for Clarinet?
932,Who was the composer of The Moment's Energy?
933,Who was the composer of Pole?
934,Who was the composer of Miss You?
935,What is the religion of James Albert Duffy?
936,What is the religion of Pierre-Antoine Paulo?
937,What is the religion of Joseph-Médard Émard?
938,What is the religion of Clemente Isnard?
939,What is the religion of Franciszek Rogaczewski?
940,What is the religion of Arturo Tabera Araoz?
941,What is the religion of Alfred Reid?
942,What is the religion of Simon Ntamwana?
943,What is the religion of Kenneth Kennedy?
944,What is the religion of Guadalupe Missionaries?
945,What is the religion of John Richardson?
946,What is the religion of Gabriel Sharma?
947,What is the religion of Carlo Curis?
948,What is the religion of John Gwynn?
949,What is the religion of Joseph Schubert?
950,What is the religion of Bellino Giusto Ghirard?
951,What is the religion of Heinrich Fasching?
952,What is the religion of Angelo Maria Rivato?
953,What is the religion of Walter James Fitzgerald?
954,What is the religion of John Peter Jukes?
955,What is the religion of François Gayot?
956,What is the religion of Ricardo Watty Urquidi?
957,What is the religion of William Preston?
958,What is the religion of Cosmo Francesco Ruppi?
959,What is the religion of José Palmeira Lessa?
960,What is the religion of Niccolò Marini?
961,What is the religion of James MacManaway?
962,What is the religion of Bernard Yago?
963,What is the religion of Bernard William Schmitt?
964,What is the religion of James Uno?
965,What is the religion of Pedro Lisímaco de Jesús Vílchez Vílchez?
966,What is the religion of Robert Milman?
967,What is the religion of Kenneth Bevan?
968,What is the religion of Benjamin Marc Ramaroson?
969,What is the religion of Ecclesiastical Statistics?
970,What is the religion of Ioan Duma?
971,What is the religion of Arnaldo Ribeiro?
972,What is the religion of Ignacy Tokarczuk?
973,What is the religion of John Orr?
974,What is the religion of Benedito Domingos Vito Coscia?
975,What sport does 2012 Georgetown Hoyas men's soccer team play?
976,What sport does Armand Raymond play?
977,What sport does Luan Viana Patrocínio play?
978,What sport does Alain Rakotondramanana play?
979,What sport does Radik Zhaparov play?
980,What sport does 2006 Korea Open Badminton Championships play?
981,What sport does Sol Ky-Ong play?
982,What sport does 2006–07 Primera B Nacional play?
983,What sport does Günter Kutowski play?
984,What sport does 1994 Swedish Open play?
985,What sport does Najeh Humoud play?
986,What sport does 2004 Legg Mason Tennis Classic play?
987,What sport does Luciano Vella play?
988,What sport does 1988–89 FA Cup Qualifying Rounds play?
989,What sport does Francisco Javier Lloret Martínez play?
990,What sport does Alain Laurier play?
991,What sport does Francisco David González Borges play?
992,What sport does 1989–90 1. Slovenská národná hokejová liga season play?
993,What sport does 1923 in Brazilian football play?
994,What sport does Ye Zhibin play?
995,What sport does Matteo Pivotto play?
996,What sport does Imbi Hoop play?
997,What sport does Gerd Schwidrowski play?
998,What sport does 2014 Powiat Poznański Open play?
999,What sport does 1997 Conference USA Baseball Tournament play?
1000,What sport does Vasili Penyasov play?
1001,What sport does Andrei Bogomolov play?
1002,What sport does Roberto Nani play?
1003,What sport does Dumitru Hubert play?
1004,What sport does James MacKenzie play?
1005,What sport does Christophe Ott play?
1006,What sport does Stephen Connor play?
1007,What sport does Ladislav Žák play?
1008,What sport does 2002 Euro Beach Soccer Cup play?
1009,What sport does Sebastián Morquio play?
1010,What sport does Cho Keung-yeon play?
1011,What sport does Frank Allcock play?
1012,What sport does Radek Opršal play?
1013,What sport does David Homoláč play?
1014,What sport does Alex Crombie play?
1015,What sport does 2013 Torneo di Viareggio play?
1016,What sport does Julián Lalinde play?
1017,What sport does Diego Díaz Garrido play?
1018,What sport does Vladislav Matviyenko play?
1019,What sport does Vyacheslav Chadov play?
1020,What sport does Koumiba Djossouvi play?
1021,What sport does 2010–11 South West Peninsula League play?
1022,What sport does Robert Braet play?
1023,What sport does Walter Pfeiffer play?
1024,What sport does Archie Needham play?
1025,What sport does 1990–91 British Basketball League season play?
1026,What sport does Ozren Perić play?
1027,What sport does Zanzibar national under-20 football team play?
1028,What sport does Giovanni Fanello play?
1029,What sport does 2001–02 Division 1 season play?
1030,What sport does Bob Priddy play?
1031,What sport does Jin Zhiyang play?
1032,What sport does Israel Andrade play?
1033,What sport does Patrick Edema play?
1034,What sport does Agustín Elduayen play?
1035,What sport does Sébastien Chevallier play?
1036,What sport does João Schlittler play?
1037,What sport does Andrew Tucker play?
1038,What sport does Indonesia Education League play?
1039,What sport does Ramón Rodríguez play?
1040,What sport does Leonardo Torres play?
1041,What sport does Oleg Imrekov play?
1042,What sport does Ali Sami Yachir play?
1043,What sport does Gergő Kovács play?
1044,What sport does Daigo Watanabe play?
1045,What sport does WTA South Orange play?
1046,What sport does Shuto Suzuki play?
1047,What sport does Hans Cornelis play?
1048,What sport does Masahito Noto play?
1049,What sport does Elias MacDonald play?
1050,What sport does Mikhail Petrusyov play?
1051,What sport does Kwak Hee-ju play?
1052,What sport does Dan Parkinson play?
1053,What sport does Bill Wilkinson play?
1054,What sport does Oscar Roig Iglesias play?
1055,What sport does Radoslav Rashkov play?
1056,What sport does 1994–95 FIBA Women's European Champions Cup play?
1057,What sport does Willi Kirsei play?
1058,What sport does Bobby Windsor play?
1059,What sport does Michael Gibson play?
1060,What sport does David Davidson play?
1061,What sport does Momo Wall Blamo play?
1062,What sport does Alexandru Chiculiță play?
1063,What sport does Irina Crasnoscioc play?
1064,What sport does Louis Perrée play?
1065,What sport does 2011–12 Elon Phoenix men's basketball team play?
1066,What sport does Gustavo García play?
1067,What sport does FIBT World Championships 1939 play?
1068,What sport does Frank Cornan play?
1069,What sport does Andrei Vițelaru play?
1070,What sport does 1973 Virginia Slims of Fort Lauderdale play?
1071,What sport does Shahrul Azhar Ture play?
1072,What sport does 1949 France rugby union tour of Argentina play?
1073,What sport does Maximiliano Cuberas play?
1074,What sport does All-Ireland Senior Club Camogie Championship 1970 play?
1075,What sport does Alexei Ugarov play?
1076,What sport does Duncan Lambie play?
1077,What sport does Saša Janić play?
1078,What sport does Tony Wagstaff play?
1079,What sport does George Burley play?
1080,What sport does Guilherme Andrade play?
1081,What sport does Elisabeta Guzganu-Tufan play?
1082,What sport does Pablo Aguilar play?
1083,What sport does Sava Paunović play?
1084,What sport does 2008–09 National Indoor Soccer League season play?
1085,What sport does 1994–95 Fußball-Bundesliga play?
1086,What sport does Juan López Hita play?
1087,What sport does Livia Altmann play?
1088,What sport does Granada Lions play?
1089,What sport does Francis play?
1090,What sport does José Luis Contaja play?
1091,What sport does Luis Eduardo Maldonado play?
1092,What sport does Afyonkarahisarspor play?
1093,What sport does canoeing at the 2014 Asian Games – women's K-4 500 metres play?
1094,What sport does Andrés Bottiglieri play?
1095,What sport does Hermann Gadner play?
1096,What sport does Radoslav Školník play?
1097,What sport does Gábor Jánvári play?
1098,What sport does 1995 Cook Islands Round Cup play?
1099,What sport does Hans Pieren play?
1100,What sport does Adel Bousmal play?
1101,What sport does Scott Muirhead play?
1102,What sport does Sofia Anker-Kofoed play?
1103,What sport does Kiribati men's national basketball team play?
1104,What sport does Samir Sarsare play?
1105,What sport does Turkish Seniors Open play?
1106,What sport does Njurunda SK play?
1107,What sport does 2009 Ukrainian Cup Final play?
1108,What sport does Krasen Trifonov play?
1109,What sport does Lukáš Bodeček play?
1110,What sport does Ebrahim Asadi play?
1111,What sport does Jeannot Gilbert play?
1112,What sport does Roland Repiský play?
1113,What sport does Nigel Marples play?
1114,What sport does Marc Santo-Roman play?
1115,What sport does Sandar IL play?
1116,What sport does Francesco Reda play?
1117,What sport does Pedro Ferreira-Mendes play?
1118,What sport does E Sour El Ghozlane play?
1119,What sport does Lek Kcira play?
1120,What sport does Daniel Manzato play?
1121,What sport does 1998–99 Slovenian Basketball League play?
1122,What sport does John Parsons play?
1123,What sport does list of Azerbaijan football transfers winter 2012 play?
1124,What sport does Abdulhadi Khalaf play?
1125,What sport does VOKO-Irodion play?
1126,What sport does Paul Chapman play?
1127,What sport does Guyana women's national field hockey team play?
1128,What sport does Atanas Atanasov play?
1129,What sport does Abdoul Thiam play?
1130,What sport does Lobos BUAP Premier play?
1131,What sport does Harry Clay play?
1132,What sport does Maxwell Griffin play?
1133,What sport does Yuri Koroviansky play?
1134,What sport does Albert Cox play?
1135,What sport does Luka Glavaš play?
1136,What sport does Guo Ruilong play?
1137,What sport does Mehmet Gürkan Öztürk play?
1138,What sport does Nicolaas Cortlever play?
1139,What sport does Mario Aguilar play?
1140,What sport does Marko Vidović play?
1141,What sport does Hwang Byung-ju play?
1142,What sport does Mark Smalley play?
1143,What sport does Michal Vacek play?
1144,What sport does Colombian Cycling Federation play?
1145,What sport does 1920–21 Northern Football League play?
1146,What sport does Nelson Semperena play?
1147,What sport does McPherson Meade play?
1148,What sport does Université Nationale du Bénin FC play?
1149,What sport does 2012 Uzbekistan First League play?
1150,What sport does Nevio de Zordo play?
1151,What sport does Wojciech Jarmuż play?
1152,What sport does Ricardo Gónzalez Reinoso play?
1153,What sport does Miroslav Milutinović play?
1154,What sport does Best play?
1155,What sport does Cassiá play?
1156,What sport does Adrian Olah play?
1157,What sport does José Diogo Macedo Silva play?
1158,What sport does Christos Koutsospyros play?
1159,What sport does Ademar Aparecido Xavier Júnior play?
1160,What sport does George Douglas play?
1161,What sport does Ernest Street play?
1162,What sport does Juan Carlos Stauskas play?
1163,What sport does 2011 Chatham Cup play?
1164,What sport does Maltese Women's Cup play?
1165,What sport does 2009 Atlantic Coast Conference Baseball Tournament play?
1166,What sport does Timon Dobias play?
1167,What sport does Mutanda Kwesele play?
1168,What sport does Marc Herold Gracien play?
1169,What sport does Barrie Aitchison play?
1170,What sport does Oyanaisis Gelis play?
1171,Who is the author of Afternoon?
1172,Who is the author of Bed?
1173,Who is the author of Watchers at the Strait Gate?
1174,Who is the author of Bones?
1175,Who is the author of Only Human?
1176,Who is the author of Out of the Dark?
1177,Who is the author of The National Dream?
1178,Who is the author of Saints of Big Harbour?
1179,Who is the author of Endpeace?
1180,Who is the author of Turning On?
1181,Who is the author of Something More?
1182,Who is the author of The Romantic?
1183,Who is the author of Buried Thunder?
1184,Who is the author of Time Enough?
1185,Who is the author of Operator?
1186,Who is the author of Sail?
1187,Who is the author of Fire?
1188,Who is the author of Carnival of Souls?
1189,Who is the author of Mannfolk?
1190,Who is the author of Rage?
1191,Who is the author of Kid?
1192,Who is the author of It's Not an All Night Fair?
1193,Who is the author of Heaven?
1194,Who is the author of Conan the Valiant?
1195,Who is the author of Darkvision?
1196,Who is the author of Regeneration?
1197,Who is the author of The Latimers?
1198,Who is the author of Saint?
1199,Who is the author of Nevis Mountain Dew?
1200,Who is the author of World of Wonder?
1201,Who is the author of Dancing on Coral?
1202,Who is the author of New Keywords?
1203,Who is the author of Getting Free?
1204,Who is the author of Shooting Sean?
1205,Who is the author of Looking Forward?
1206,Who is the author of The World Before?
1207,Who is the author of Martin?
1208,Who is the author of The End of the Soul?
1209,Who is the author of Western?
1210,Who is the author of The Warriors of Spider?
1211,Who is the author of Homecoming?
1212,Who is the author of The Amazon?
1213,Who is the author of O dia das calças roladas?
1214,Who is the author of Visionseeker: Shared Wisdom from the Place of Refuge?
1215,Who is the author of Out of This World?
1216,Who is the author of Stand By Your Screen?
1217,Who is the author of Sandy?
1218,Who is the author of The Interior?
1219,Who is the author of Memory?
1220,Who is the author of Stations?
1221,Who is the author of School for Coquettes?
1222,Who is the author of Trust Me?
1223,Who is the author of Recursion?
1224,Who is the author of The Bishop's Heir?
1225,Who is the author of Talent?
1226,Who is the author of This Is It?
1227,Who is the author of A Survey?
1228,Who is the author of Skyscraper?
1229,Who is the author of Shadow?
1230,Who is the author of This?
1231,"Who is the author of Johnny, My Friend?"
1232,Who is the author of The Great World and the Small: More Tales of the Ominous and Magical?
1233,Who is the author of Robots?
1234,Who is the author of The Outdoor Survival Handbook?
1235,Who is the author of Millennial Rites?
1236,Who is the author of Shame?
1237,Who is the author of The Burning?
1238,Who is the author of Second Generation?
1239,Who is the author of The Guard?
1240,Who is the author of West?
1241,Who is the author of Nuclear Alert?
1242,Who is the author of Malvaloca?
1243,Who is the author of Handles?
1244,Who is the author of Shadow?
1245,Who is the author of The Museum of Abandoned Secrets?
1246,Who is the author of Responsibility?
1247,Who is the author of Villa Amalia?
1248,Who is the author of Zones?
1249,Who is the author of Warrior?
1250,Who is the author of Beyond?
1251,Who is the author of The Other Place?
1252,Who is the author of A Positive?
1253,Who is the author of Down?
1254,Who is the author of Max?
1255,Who is the author of What You Make It?
1256,Who is the author of Great Short Novels of Adult Fantasy I?
1257,Who is the author of The Voice?
1258,Who is the author of Follow The Music?
1259,Who is the author of Time After Time?
1260,Who is the author of Across Many Mountains?
1261,Who is the author of Small Changes?
1262,Who is the author of Alice?
1263,Who is the author of Skin?
1264,Who is the author of The Techniques of Democracy?
1265,Who is the author of Death in Five Boxes?
1266,Who is the author of The Wizard in Wonderland?
1267,Who is the author of Transcension?
1268,Who is the author of With Women?
1269,Who is the author of Come On Over?
1270,Who is the author of For a Living?
1271,Who is the author of Page?
1272,Who is the author of Dirt?
1273,Who is the author of With?
1274,Who is the author of Louis?
1275,Who is the author of The Burning?
1276,Who is the author of The Sword of Shibito?
1277,Who is the author of Khubsurat Bala?
1278,Who is the author of The Aware?
1279,Who is the author of Pen?
1280,Who is the author of Science-Fantasy Quintette?
1281,Who is the author of Sin?
1282,Who is the author of Weekend?
1283,Who is the author of Empire?
1284,Who is the author of The Empire?
1285,Who is the author of One of the Family?
1286,Who is the author of The Culture of Collaboration?
1287,Who is the author of Old Money?
1288,Who is the author of Abel?
1289,Who is the author of Señor Saint?
1290,Who is the author of Het uur tussen hond en wolf?
1291,Who is the author of Eclipse?
1292,Who is the author of The Valley?
1293,Who is the author of Facing the Future?
1294,Who is the author of The Squirrel Wife?
1295,Who is the author of Moving Day?
1296,Who is the author of Close to Home?
1297,Who is the author of The Chaos Code?
1298,Who is the author of August?
1299,Who is the author of Kite?
1300,Who is the author of America's Secret War?
1301,Who is the author of Black?
1302,Who is the author of The Test?
1303,Who is the author of Darkness?
1304,Who is the author of Chelsea on the Edge?
1305,Who is the author of Men and Women?
1306,Who is the author of One More Time?
1307,Who is the author of Unknown?
1308,Who is the author of Baby?
1309,Who is the author of Time to Come?
1310,Who is the author of Template?
1311,"Who is the author of American Dream, Global Nightmare?"
1312,Who is the author of Patience?
1313,Who is the author of Neglected Aspects of Sufi Study?
1314,Who is the author of Smoke?
1315,Who is the author of The Great Perhaps?
1316,Who is the author of The Universe Around Us?
1317,Who is the author of Against the Odds?
1318,Who is the author of Branches?
1319,Who is the author of New York?
1320,Who is the author of Challenge?
1321,Who is the author of Dreams?
1322,Who is the author of Bonaparte à Malte?
1323,Who is the author of Nice People?
1324,Who is the author of Falling?
1325,Who is the author of Love All?
1326,Who is the author of The Hero?
1327,Who is the author of The Sun Chemist?
1328,Who is the author of Lotte's Gift?
1329,Who is the author of Collision?
1330,Who is the author of Always?
1331,Who is the author of The Economics and Ethics of Private Property?
1332,Who is the author of The Every Boy?
1333,Who is the author of The Middle Years?
1334,Who is the author of Chaotic?
1335,Who is the author of Embrace?
1336,Who is the author of Resistance?
1337,Who is the author of Into the Woods?
1338,Who is the author of Pearl?
1339,Who is the author of Just a Matter of Time?
1340,Who is the author of Fruits?
1341,Who is the author of Shift?
1342,Who is the author of Federation?
1343,Who is the author of Therapy?
1344,Who is the author of Gowie Corby Plays Chicken?
1345,Who is the author of Opus?
1346,Who is the author of Jääpeili?
1347,Who is the author of Prime Time?
1348,Who is the author of Trust Territory?
1349,Who is the author of Balance of Power?
1350,Who is the author of Panic?
1351,Who is the author of The Lie?
1352,Who is the author of Skinner's Rules?
1353,Who is the author of Visst katten har djuren själ!?
1354,Who is the author of Let's Not?
1355,Who is the author of Pursuit?
1356,Who is the author of Incoming?
1357,"Who is the author of Conan, Lord of the Black River?"
1358,Who is the author of Beast?
1359,Who is the author of Corridor?
1360,Who is the author of Non?
1361,Who is the author of Everything?
1362,Who is the author of Find Me?
1363,Who is the author of Partner?
1364,Who is the author of The Ball?
1365,Who is the author of Suicide?
1366,Who is the author of Witt?
1367,Who is the author of On the Road?
1368,Who is the author of The Outing?
1369,Who is the mother of Louis?
1370,What is the capital of Ungheni County?
1371,What is the capital of Gmina Secemin?
1372,What is the capital of Yunguyo Province?
1373,What is the capital of canton of Saint-Doulchard?
1374,What is the capital of arrondissement of Castellane?
1375,What is the capital of Sánchez Carrión Province?
1376,What is the capital of Chiprovtsi Municipality?
1377,What is the capital of canton of Antibes-Biot?
1378,What is the capital of canton of Harnes?
1379,What is the capital of Sal?
1380,What is the capital of Kareličy District?
1381,What is the capital of Kambarsky District?
1382,What is the capital of Gmina Brzeszcze?
1383,What is the capital of Tarussky District?
1384,What is the capital of Gmina Czorsztyn?
1385,What is the capital of Verbandsgemeinde Bad Ems?
1386,What is the capital of canton of Gordes?
1387,What is the capital of Gmina Andrespol?
1388,What is the capital of Vozhegodsky District?
1389,What is the capital of arrondissement of Nogent-le-Rotrou?
1390,What is the capital of arrondissement of Lannion?
1391,What is the capital of canton of Mirambeau?
1392,What is the capital of Saanen District?
1393,What is the capital of Plaza?
1394,What is the capital of arrondissement of Florac?
1395,What is the capital of Yalutorovsky District?
1396,What is the capital of Gmina Osiecznica?
1397,What is the capital of Gmina Radomsko?
1398,What is the capital of Gmina Babice?
